4,5,6,7,8,9,10,11,12,13,14,15,16,17,18,19,20
reap,torcs,oilier,karates,studiers,emphasise,antipodals,hemopoieses,beneficently,salpingitises,sacerdotalisms,commutativities,,,,,
whet,oozes,pozole,truckle,sinicize,bracioles,sedulously,homogenizer,manipulatory,resectability,proprioceptive,differentnesses,,,,,
wish,dopes,dandle,gumless,hatteria,skiddooed,formalises,overwetting,quacksalvers,overregulated,squarishnesses,admirablenesses,,,,,
kept,tutus,expose,loudish,vendetta,virulence,virtuality,entablature,interglacial,interestingly,unrecognizably,nonequivalences,,,,,
lurk,riots,cherub,emperor,unfading,embargoes,careerists,natriuretic,crosscutting,papillomatous,anaphrodisiacs,serviceableness,,,,,
lain,goral,palace,resides,chicaned,desorbing,vetchlings,intaglioing,paraboloidal,imagistically,contemptuously,disorganization,,,,,
hoar,odour,dought,redrill,retinene,eriophyid,epicentrum,planisphere,radicalising,embarrassable,contradictious,electromyograph,,,,,
dray,miked,brashy,hearers,reoutfit,elephants,sermonizes,overcutting,unpronounced,amusingnesses,noncomplicated,militarizations,,,,,
polo,skene,player,parrots,unsilent,infringes,fertilizer,acromegalic,recalibrates,etymologising,superhardening,reduplicatively,,,,,
flow,arose,disbar,overdue,dialyses,twistiest,fabricated,annihilator,haberdashers,cloudlessness,countersigning,dedifferentiate,,,,,
nary,wharf,square,miladis,platters,computers,interplays,decussation,morphometric,astrophysical,propagandizers,coulometrically,,,,,
fubs,youth,incuse,mumping,bedquilt,languages,incognitos,tattletales,misfocussing,dispassionate,monocarboxylic,plaintivenesses,,,,,
guan,pinna,jagers,cummins,sagittal,unriddles,reannexing,nonvolatile,subparagraph,unsustainable,upstandingness,synchronousness,,,,,
grat,burin,dunner,tuneful,mythiest,hyracoids,insolvably,praetorians,intimidating,contemplative,metamorphosing,parasympathetic,,,,,
amah,kakis,fardel,casuals,delayers,liquified,unadmitted,haughtiness,phosphatidyl,unreadinesses,circumlocutory,unfamiliarities,,,,,
paty,ditas,bijoux,yatagan,suspires,ferreling,reproduced,masturbated,circumjacent,transudations,chromodynamics,circumnavigator,,,,,
ring,lirot,behead,incudal,rainless,sandstone,washeteria,skeptically,teaspoonfuls,polarizations,consuetudinary,negotiabilities,,,,,
bury,aeons,coupes,joltily,kippered,cotenants,anchyloses,corpuscular,tetracycline,inadvertently,harmlessnesses,phytogeographer,,,,,
love,inrun,siglum,bitumen,prisoned,privative,corpulence,outpromises,counterplots,metencephalon,supercivilized,phantasmagorias,,,,,
qats,yogin,verbal,debarks,larynxes,garrottes,cushioning,steeplejack,sternocostal,ultramilitant,hemimetabolous,disenchantments,,,,,
ices,primi,orchil,beleaps,crumples,remissive,tumultuous,botulinuses,tenabilities,unfulfillable,nitroglycerine,hyperactivities,,,,,
yuga,pilot,chirus,alumine,yakitori,dirtiness,outfitting,thiosulfate,toilsomeness,disharmonized,geocentrically,metallographies,,,,,
jota,kraft,blawed,scubaed,flumping,cotqueans,unctuously,yellowwoods,superbitches,millennialism,conflagrations,resectabilities,,,,,
each,unman,axilla,flenses,factoids,airfields,normalcies,archesporia,hallucinated,penetrability,bioconversions,destitutenesses,,,,,
turn,alist,rebred,wagoner,wurtzite,impugning,squeakiest,sociability,smithsonites,unanticipated,heterophyllous,autotetraploidy,,,,,
bend,skegs,deploy,zibeths,giardias,broodmare,feudalized,mesenteries,undependable,volcanicities,tangiblenesses,easygoingnesses,,,,,
anil,nomas,zaires,obentos,sextuple,tetanises,happenings,recitalists,gratefulness,condylomatous,multielectrode,microphotometer,,,,,
bott,valid,missel,heroics,tsarisms,alternant,bisulfides,chillnesses,citronellals,airlessnesses,subcommissions,infallibilities,,,,,
plot,meted,doters,jujuist,matchers,bittiness,xylotomies,profiteered,noncomplying,hypoeutectoid,inflexibleness,atheroscleroses,,,,,
vain,irked,damply,deveins,palatals,simmering,courtrooms,repleteness,telegramming,streptococcic,photooxidative,phenylthioureas,,,,,
shin,gimel,delves,lessens,porously,misalters,neutralise,unmanliness,antisocially,osteomyelitis,unapproachable,zoogeographical,,,,,
yeas,milia,exhale,spoored,decagons,unpackers,efficacies,spokeshaves,transiencies,convocational,departmentally,extemporization,,,,,
bomb,cawed,sheuch,vaulted,droughts,bassinets,grenadiers,vicegerency,vichyssoises,intravenously,decarboxylated,voicelessnesses,,,,,
than,flics,cadged,porcini,focusses,monoglots,amphibians,asafoetidas,subordinates,magnanimities,evolutionarily,mercilessnesses,,,,,
bait,scoot,harmer,censure,ballhawk,ferrocene,ecosystems,unrighteous,wunderkinder,reticulocytes,pleasurability,profitabilities,,,,,
ride,loden,sachem,bestead,oppilant,metacarpi,rainchecks,monochasium,antiheroines,proctological,disarrangement,correspondingly,,,,,
juku,biers,driver,submits,demersal,spadilles,nitpickers,thereabouts,northeasters,achromatizing,patronizations,facetiousnesses,,,,,
coif,hello,wiglet,teaware,dipteran,reconduct,collateral,morulations,venesections,cryptorchisms,unquantifiable,ideographically,,,,,
faze,acerb,toused,coryzas,cadaster,placating,casebearer,glamorizing,sanguinities,elocutionists,superspectacle,softheartedness,,,,,
logo,roped,louted,rampant,secreted,nonconcur,unchurched,glamourless,hotchpotches,uninstructive,dechlorination,hypertonicities,,,,,
dice,duple,motels,prosier,exarchal,interpled,stillborns,teaspoonful,uglification,unpromisingly,recentrifuging,oversimplifying,,,,,
piki,deles,unfond,slavish,humorous,ringsides,welfarists,crackerjack,fritillarias,weatherproofs,dispiritedness,prussianization,,,,,
pair,synth,escape,repulse,disgrace,tunneling,hypothesis,recyclables,thoroughfare,silvicultural,microprojector,antispeculative,,,,,
bags,varix,fibrin,reunite,alienees,respotted,apparition,naturalized,inflammatory,theatricalism,ethnographical,arteriographies,,,,,
jobs,loony,chimbs,ominous,cuittles,chromates,fundraised,environment,unkindnesses,desquamations,technicalities,venturesomeness,,,,,
boot,broth,remixt,prepreg,darklier,miscounts,dendrimers,corymbosely,osmolarities,radioelements,sophisticating,reintroductions,,,,,
scut,helos,aikido,eagerly,propines,beekeeper,neurilemma,titillative,switchboards,pregnenolones,amphiprostyles,adrenalectomies,,,,,
whee,crick,ridden,finical,candidal,iterances,newsprints,statoblasts,homologizing,astringencies,sociobiologist,temporarinesses,,,,,
soak,farer,terras,unslick,tallymen,sangfroid,unconsumed,succulences,alternations,clamorousness,gladsomenesses,microelectronic,,,,,
cyma,jotas,popped,jitneys,explored,biochemic,phallicism,tersenesses,quadriplegia,porcellaneous,forthrightness,fantastications,,,,,
turd,witan,outhit,crowder,precasts,electuary,whitenings,amphipathic,oarsmanships,imperialistic,demultiplexers,photoelectronic,,,,,
yelp,tondo,almugs,nonself,scummers,vistaless,amendments,decisioning,snobbishness,protectresses,literalization,overclassifying,,,,,
tars,miaul,aliyot,zaniest,banquets,bellowing,flagrantly,cicisbeisms,conglobation,pleomorphisms,impartialities,nonconventional,,,,,
dump,boyos,codecs,humbled,medalist,rancheros,skinniness,industrious,officialisms,miniaturistic,superadditions,microearthquake,,,,,
skee,spoil,roadeo,propria,creakier,staginess,misdoubted,theodolites,axiomatizing,oversecretion,artificialness,overembellishes,,,,,
cain,crits,frized,runouts,schmoose,represent,moustaches,chrysalises,obsoleteness,mailabilities,amitriptylines,postirradiation,,,,,
node,bromo,crofts,eaglets,grabbier,promisees,brushwoods,commination,camaraderies,biogeographic,decorousnesses,equalitarianism,,,,,
yobs,guiro,shalom,remaker,apagoges,reedbirds,monadnocks,chucklehead,breathlessly,ingurgitation,immaterialized,contrapositives,,,,,
haul,paces,linums,airings,washbowl,noxiously,frequences,manicurists,cosmochemist,hellgrammites,transliterates,oxyphenbutazone,,,,,
pale,junks,goonie,refries,spritzer,perturber,cylindered,modernizing,paternalists,surrejoinders,demythologized,gnotobiotically,,,,,
pain,ambit,pottos,voodoos,fuggiest,renewably,pilothouse,hallelujahs,distortional,recallability,oceanographies,intussuscepting,,,,,
leva,kojis,chaffs,aphonic,sublimes,wrestlers,degradedly,irreducible,overtaxation,unadulterated,disengagements,cholecalciferol,,,,,
fila,resit,treats,hammers,tabarets,nidations,grisailles,cyclothymia,adaptational,methysergides,turbogenerator,misappropriates,,,,,
seam,tazze,planed,teughly,pedicure,waitstaff,undeniable,depositions,obtusenesses,intertillages,adaptationally,distrustfulness,,,,,
welt,yolks,repent,chemist,benzoles,cantabile,foretokens,bashfulness,standpatters,slaveholdings,neurosecretion,musculoskeletal,,,,,
diol,spoor,blenny,bylines,cutaways,aggrieves,peneplanes,indentation,conceptually,tranquillized,subconsciously,nonenforcements,,,,,
limo,parer,hatful,tsimmes,meditate,serologic,crevassing,journaleses,spasticities,informatorily,doublespeakers,dissatisfactory,,,,,
tees,vault,abying,signore,decrials,kamacites,staunchest,saccharides,tyrannically,prediabeteses,apologetically,parasexualities,,,,,
gnar,prows,dupped,taxemic,phasmids,bogginess,approvable,shoehorning,suppressions,transactional,phonologically,autobiographies,,,,,
clam,tamal,parrel,acacias,arrestor,austenite,encaustics,neutralizes,mollycoddled,bullishnesses,counterfeiting,colloquialities,,,,,
zoon,kusso,rigour,madrone,colloids,downlinks,hemorrhage,concertinas,splendidness,overutilizing,overprograming,individualizing,,,,,
nett,lyard,plasma,puckery,chunkily,sunbathed,parablasts,salesladies,cohomologies,countermelody,deteriorations,desalinizations,,,,,
chew,drest,cooked,offhand,carmines,alkalised,arabinoses,duskinesses,conventional,preenrollment,wretchednesses,parajournalisms,,,,,
feal,pupil,blooey,brassed,rankness,crowsteps,palisading,unbalancing,facilenesses,prehistorians,choreographers,repeatabilities,,,,,
coat,debye,dekkos,muletas,ruthless,reedlings,beseeching,misoriented,underpayment,parenthesized,counterstrikes,secondarinesses,,,,,
syph,sires,repaid,hearths,sicklied,grillwork,patchiness,nonadhesive,nonadiabatic,boulevardiers,melodramatists,primitivenesses,,,,,
nils,pubic,bhakti,loftier,charlies,titivates,firstborns,commixtures,orthopterist,openmouthedly,roentgenologic,featherstitched,,,,,
djin,snort,roared,caliphs,walleyed,madrassas,perfusions,solmization,enlightening,unconsciouses,accountantship,lymphogranuloma,,,,,
visa,dotes,riling,lunette,aigrette,rowelling,nosinesses,supportable,overthinking,antiapartheid,coinvestigator,suburbanization,,,,,
isle,durst,chints,heaters,synanons,racetrack,handseling,designative,neckerchiefs,syringomyelic,masterlinesses,politicizations,,,,,
writ,zuzim,strode,morphic,caruncle,gazillion,microfilms,misallocate,entrainments,radiolabeling,diplomatically,corporealnesses,,,,,
jehu,immix,pomelo,shiviti,mournful,innovated,manganates,conceptacle,beardtongues,melodramatise,heterologously,organomercurial,,,,,
work,skeed,rondos,hongied,diablery,scrimshaw,tiltmeters,apostatised,antielitisms,nondelinquent,incorporations,neuroanatomists,,,,,
busk,pacey,buzzes,vespine,bromated,hypotonic,psoriatics,vaticinator,procreations,clairvoyances,hairlessnesses,pervasivenesses,,,,,
ugly,curie,reweld,acutely,afflatus,flossiest,preservice,hyperphagic,methoxychlor,consumerships,overaggressive,decarboxylating,,,,,
crow,feral,recast,working,epitaxic,brawliest,jaspilites,radiometers,nonessential,overexercises,percussionists,rehabilitations,,,,,
bowl,droll,liefer,bobcats,vitriols,fibrillae,fossilized,acidulation,misaddresses,effervescence,turbomachinery,remediabilities,,,,,
tets,limos,girded,beylics,traveler,isogamete,encrypting,osteotomies,jocularities,metafictional,monounsaturate,incomprehension,,,,,
taka,ghast,megrim,interne,vegetive,starfruit,overarches,zeptosecond,engrossingly,synecdochical,epigrammatists,nonintersecting,,,,,
quit,scamp,unkink,goodbye,plighter,vivariums,hokeypokey,vernalizing,midlatitudes,microporosity,clannishnesses,recommencements,,,,,
pups,strum,chewed,drapery,buoyance,opsonizes,ambushment,tetraploids,conventicles,nephrectomize,cabinetmakings,allergenicities,,,,,
jest,local,marque,fatigue,moonport,tormentor,disarrange,hospitalise,noncrushable,uncomplicated,cocarboxylases,anticarcinogens,,,,,
voes,mayan,rubace,grouter,flounced,glaciates,hydrolases,apicultural,semeiologies,prophetically,femininenesses,lymphadenopathy,,,,,
nogg,podgy,chador,designs,wergelds,instilled,autocratic,doggonedest,phosphatides,spontaneities,aphoristically,gluconeogeneses,,,,,
subs,umiaq,tsetse,oestrin,acetoxyl,ascribing,familistic,microquakes,impersonated,remediability,equitabilities,particularistic,,,,,
tory,veers,lories,lashins,vixenish,mnemonics,unanalyzed,misprinting,irredentists,equipotential,precombustions,ethnocentricity,,,,,
gees,plate,staffs,changes,airthing,intercity,magnifying,vivaciously,mutationally,carboniferous,nonrecombinant,overapplication,,,,,
seme,salsa,roamer,withins,airlifts,antiserum,fictioneer,cloudbursts,regardlessly,vulcanologist,millenarianism,unappreciations,,,,,
eery,frags,ghetto,horsily,peltasts,plowbacks,propulsion,marquetries,overeducates,skulduggeries,solicitorships,ankylostomiases,,,,,
gush,awake,byword,ventral,wintrier,forgather,misparsing,magnanimity,phospholipid,paterfamilias,concentratedly,miscomputations,,,,,
